name,weight,height
John,722.015386,1225.020493
Wilma,577.9992397,1179.87025
Sune,750.3943277,1289.29387
Jori,635.005381,1378.160702
Gang,634.0480973,1175.727266